t,z1,z1dao,z2,z2dao
10.0,-0.440767054929791,-0.541341712175443,-0.39371163999914,-0.511690488343205
20.0,-0.848257862086137,-0.254780335124815,-0.779156614616432,-0.232975748534897
40.0,0.0699643966393767,0.215586181267153,0.0822773397588647,0.206030553891939
60.0,-0.6419202158897,-0.484437567779154,-0.591062080907114,-0.448845705795989
100.0,-0.297277998221969,-0.794357955837649,-0.272928719708875,-0.738188329129782
