t,z1,z1dao,z2,z2dao
10.0,-0.348999506043554,1.19993399372589,-0.318969101514316,1.20526148704791
20.0,-0.580505719666842,-0.025328049152296,-0.571437651883733,0.0099819069166075
40.0,0.431650471917842,0.672884688452088,0.438224218293732,0.635771438430571
60.0,-0.33777357963166,-0.662095267248477,-0.345653767509464,-0.632112910329168
100.0,-0.0840765534170106,-0.885215750967463,-0.100440570226483,-0.866180500960001
