t,z1,z1dao,z2,z2dao
10.0,-0.199370646528613,-0.0182330328514161,0.0049579406098219,-0.0036320668135098
20.0,-0.198017217415292,0.0003095896005804,-0.0040592313942648,-0.0052807448262504
40.0,-0.209607680292997,-0.000764782134909,-0.0022423644925828,0.0005659246583892
60.0,-0.190883937028428,0.0056822042552258,0.004343402254864,-0.0021786672416341
100.0,-0.197289022168224,0.0162077450656081,0.0020149183018741,0.0039697976773484
